"id","category","file","project_or_source","source_page_url","source_asset_url","design_takeaway","provenance_note"
"01","period Eichler","images/eichler/01-fairglen-1959-floor-to-ceiling-drapery.jpg","Fairglen Eichlers - 1959 original sales brochure, page 2","https://www.fairgleneichlers.org/floor-plans/","https://www.fairgleneichlers.org/wp-content/uploads/2019/02/FairglenEichler_brochure_1959_web.pdf","full-height drapery shown in original Eichler marketing","JPEG rendered from page 2 of the linked PDF"
"02","period Eichler","images/eichler/02-fairglen-1959-atrial-drapery.jpg","Fairglen Eichlers - 1959 original sales brochure, page 9","https://www.fairgleneichlers.org/floor-plans/","https://www.fairgleneichlers.org/wp-content/uploads/2019/02/FairglenEichler_brochure_1959_web.pdf","drapery beside atrium-facing floor-to-ceiling glass","JPEG rendered from page 9 of the linked PDF"
"03","documented Eichler","images/eichler/03-dwell-concealed-roller-shades.jpg","Dwell - Eichler Update by David Ludwig","https://www.dwell.com/home/eichler-update-e9f74730/7103192149606047744","https://images.dwell.com/photos-6952653037820411904/7103192149606047744-large/dining-area-all-windows-replaced-with-insulated-glass-and-concealed-roller-shades-views-out-through-windows-to-newly-remodeled-garden-and-patio-areas.jpg","concealed roller shades preserve the view when raised","page caption explicitly identifies concealed roller shades"
"04","documented Eichler","images/eichler/04-atotic-atrium-roof-shade-open.jpg","atotic blog - Our Eichler Remodel in Palo Alto","https://atotic.wordpress.com/2010/06/02/eicher-remodel-3/","https://lh4.googleusercontent.com/-oe3SX4iW5zk/UXVc0FjK8nI/AAAAAAAAD3c/z7O_a0zkUCE/w217-h325-p/p14.jpg","large atrium roof shade shown open","blog text identifies a rolling shade beneath the glazed sliding roof"
"05","documented Eichler","images/eichler/05-atotic-atrium-roof-shade-closed.jpg","atotic blog - Our Eichler Remodel in Palo Alto","https://atotic.wordpress.com/2010/06/02/eicher-remodel-3/","https://lh3.googleusercontent.com/-vKh3ZiOYIEY/UXVc04JCAWI/AAAAAAAAD4Q/kNQtiqXKIA8/w217-h326-p/p15.jpg","large atrium roof shade shown closed","blog text identifies a rolling shade beneath the glazed sliding roof"
"06","Pinterest visual lead","images/pinterest/06-roller-shade-with-side-drapery.jpg","Budget Blinds roller-shade pin","https://www.pinterest.com/pin/504121752054334088/","https://i.pinimg.com/originals/0b/09/92/0b0992bb8569ba4970dd196f86baaeb2.jpg","roller shade layered with restrained side drapery","manufacturer image; not represented as an Eichler"
"07","Pinterest visual lead","images/pinterest/07-simple-roller-shades.jpg","Stoneside roller-shade pin","https://www.pinterest.com/pin/372743306666741539/","https://i.pinimg.com/originals/b2/a9/6f/b2a96ffda0934ab2c842485d71aee06e.jpg","simple light-filtering rollers in a mid-century dining setting","commercial visual lead; not represented as an Eichler"
"08","Pinterest visual lead","images/pinterest/08-woven-over-solar-shades.jpg","The Shade Store layered-treatment pin","https://www.pinterest.com/pin/627407791867735198/","https://i.pinimg.com/originals/e1/ec/27/e1ec276ce83d8cd32621eac865f9dc27.jpg","woven shades layered over dark solar rollers","commercial visual lead; not represented as an Eichler"
"09","Pinterest Eichler lead","images/pinterest/09-eichler-floor-to-ceiling-drapery.jpg","Balboa Highlands Eichler photographed by David Lauer","https://www.pinterest.com/pin/316589048781739452/","https://i.pinimg.com/originals/55/55/80/55558088e168cf444db59dbcc0cff857.jpg","ceiling-height drapery with side stack at a glass wall","Pinterest description identifies Balboa Highlands and David Lauer; original page was not linked"
"10","Pinterest visual lead","images/pinterest/10-cellular-shade.jpg","Sunway cellular-shade pin","https://www.pinterest.com/pin/155514993367151387/","https://i.pinimg.com/originals/d1/95/19/d1951938975681ce5c965de5e9527de3.jpg","large cellular shade with crisp horizontal pleats","manufacturer image; not represented as an Eichler"
"11","Pinterest visual lead","images/pinterest/11-solar-shade-with-drapery.jpg","The Shade Store Crystal Weave solar-shade pin","https://www.pinterest.com/pin/112730796906145529/","https://i.pinimg.com/originals/13/fa/8b/13fa8b16f37e2810b0ece1b26dc22134.jpg","solar shade paired with full-height side drapery","manufacturer image; not represented as an Eichler"
"12","Pinterest visual lead","images/pinterest/12-panel-track.jpg","SelectBlinds light-filtering panel-track pin","https://www.pinterest.com/pin/322992604543711862/","https://i.pinimg.com/originals/68/9a/9e/689a9e69e21300fd396f10c8461879c4.jpg","panel track illustrates overlapping panels and side stack","manufacturer image; not represented as an Eichler"

