photo_no,filename,url,note
01,01.jpg,https://cdn.listingphotos.sierrastatic.com/large/v1786133596/90/90_41144292_01.jpg,exterior/pool
02,02.jpg,https://cdn.listingphotos.sierrastatic.com/large/v1786137394/90/90_41144292_02.jpg,
03,03.jpg,https://cdn.listingphotos.sierrastatic.com/large/v1786137398/90/90_41144292_03.jpg,
04,04.jpg,https://cdn.listingphotos.sierrastatic.com/large/v1786137402/90/90_41144292_04.jpg,
05,05.jpg,https://cdn.listingphotos.sierrastatic.com/large/v1786137405/90/90_41144292_05.jpg,
06,06.jpg,https://cdn.listingphotos.sierrastatic.com/large/v1786137408/90/90_41144292_06.jpg,
07,07.jpg,https://cdn.listingphotos.sierrastatic.com/large/v1786137410/90/90_41144292_07.jpg,
08,08.jpg,https://cdn.listingphotos.sierrastatic.com/large/v1786137413/90/90_41144292_08.jpg,
09,09.jpg,https://cdn.listingphotos.sierrastatic.com/large/v1786137415/90/90_41144292_09.jpg,
10,10.jpg,https://cdn.listingphotos.sierrastatic.com/large/v1786137417/90/90_41144292_10.jpg,
11,11.jpg,https://cdn.listingphotos.sierrastatic.com/large/v1786137419/90/90_41144292_11.jpg,
12,12.jpg,https://cdn.listingphotos.sierrastatic.com/large/v1786137421/90/90_41144292_12.jpg,
13,13.jpg,https://cdn.listingphotos.sierrastatic.com/large/v1786137423/90/90_41144292_13.jpg,
14,14.jpg,https://cdn.listingphotos.sierrastatic.com/large/v1786137424/90/90_41144292_14.jpg,
15,15.jpg,https://cdn.listingphotos.sierrastatic.com/large/v1786137426/90/90_41144292_15.jpg,
16,16.jpg,https://cdn.listingphotos.sierrastatic.com/large/v1786137429/90/90_41144292_16.jpg,
17,17.jpg,https://cdn.listingphotos.sierrastatic.com/large/v1786137431/90/90_41144292_17.jpg,
18,18.jpg,https://cdn.listingphotos.sierrastatic.com/large/v1786137434/90/90_41144292_18.jpg,
19,19.jpg,https://cdn.listingphotos.sierrastatic.com/large/v1786137437/90/90_41144292_19.jpg,
20,20.jpg,https://cdn.listingphotos.sierrastatic.com/large/v1786137439/90/90_41144292_20.jpg,
21,21.jpg,https://cdn.listingphotos.sierrastatic.com/large/v1786137441/90/90_41144292_21.jpg,
22,22.jpg,https://cdn.listingphotos.sierrastatic.com/large/v1786137442/90/90_41144292_22.jpg,
23,23.jpg,https://cdn.listingphotos.sierrastatic.com/large/v1786137445/90/90_41144292_23.jpg,
24,24.jpg,https://cdn.listingphotos.sierrastatic.com/large/v1786137446/90/90_41144292_24.jpg,
25,25.jpg,https://cdn.listingphotos.sierrastatic.com/large/v1786137448/90/90_41144292_25.jpg,
26,26.jpg,https://cdn.listingphotos.sierrastatic.com/large/v1786137451/90/90_41144292_26.jpg,
27,27.jpg,https://cdn.listingphotos.sierrastatic.com/large/v1786137453/90/90_41144292_27.jpg,
28,28.jpg,https://cdn.listingphotos.sierrastatic.com/large/v1786137455/90/90_41144292_28.jpg,
29,29.jpg,https://cdn.listingphotos.sierrastatic.com/large/v1786137457/90/90_41144292_29.jpg,
30,30.jpg,https://cdn.listingphotos.sierrastatic.com/large/v1786137459/90/90_41144292_30.jpg,
31,31.jpg,https://cdn.listingphotos.sierrastatic.com/large/v1786137461/90/90_41144292_31.jpg,
32,32.jpg,https://cdn.listingphotos.sierrastatic.com/large/v1786137463/90/90_41144292_32.jpg,
33,33.jpg,https://cdn.listingphotos.sierrastatic.com/large/v1786137466/90/90_41144292_33.jpg,
34,34.jpg,https://cdn.listingphotos.sierrastatic.com/large/v1786137469/90/90_41144292_34.jpg,
35,35.jpg,https://cdn.listingphotos.sierrastatic.com/large/v1786137471/90/90_41144292_35.jpg,
36,36.jpg,https://cdn.listingphotos.sierrastatic.com/large/v1786137473/90/90_41144292_36.jpg,
37,37.jpg,https://cdn.listingphotos.sierrastatic.com/large/v1786137475/90/90_41144292_37.jpg,second bath vanity
38,38.jpg,https://cdn.listingphotos.sierrastatic.com/large/v1786137477/90/90_41144292_38.jpg,walk-in closet
39,39.jpg,https://cdn.listingphotos.sierrastatic.com/large/v1786137479/90/90_41144292_39.jpg,shower (black tile)
40,40.jpg,https://cdn.listingphotos.sierrastatic.com/large/v1786137480/90/90_41144292_40.jpg,shower (black tile)
41,41.jpg,https://cdn.listingphotos.sierrastatic.com/large/v1786137481/90/90_41144292_41.jpg,
42,42.jpg,https://cdn.listingphotos.sierrastatic.com/large/v1786137483/90/90_41144292_42.jpg,
43,43.jpg,https://cdn.listingphotos.sierrastatic.com/large/v1786137485/90/90_41144292_43.jpg,
44,44.jpg,https://cdn.listingphotos.sierrastatic.com/large/v1786137486/90/90_41144292_44.jpg,living/dining
45,45.jpg,https://cdn.listingphotos.sierrastatic.com/large/v1786137488/90/90_41144292_45.jpg,primary bath vanity (wide)
46,46.jpg,https://cdn.listingphotos.sierrastatic.com/large/v1786137490/90/90_41144292_46.jpg,primary bath vanity (close-up)
47,47.jpg,https://cdn.listingphotos.sierrastatic.com/large/v1786137492/90/90_41144292_47.jpg,tub/shower
48,48.jpg,https://cdn.listingphotos.sierrastatic.com/large/v1786137493/90/90_41144292_48.jpg,
49,49.jpg,https://cdn.listingphotos.sierrastatic.com/large/v1786137495/90/90_41144292_49.jpg,
50,50.jpg,https://cdn.listingphotos.sierrastatic.com/large/v1786137496/90/90_41144292_50.jpg,laundry
51,51.jpg,https://cdn.listingphotos.sierrastatic.com/large/v1786137497/90/90_41144292_51.jpg,
52,52.jpg,https://cdn.listingphotos.sierrastatic.com/large/v1786137499/90/90_41144292_52.jpg,
53,53.jpg,https://cdn.listingphotos.sierrastatic.com/large/v1786137500/90/90_41144292_53.jpg,
54,54.jpg,https://cdn.listingphotos.sierrastatic.com/large/v1786137502/90/90_41144292_54.jpg,
55,55.jpg,https://cdn.listingphotos.sierrastatic.com/large/v1786137503/90/90_41144292_55.jpg,
56,56.jpg,https://cdn.listingphotos.sierrastatic.com/large/v1786137504/90/90_41144292_56.jpg,
57,57.jpg,https://cdn.listingphotos.sierrastatic.com/large/v1786137506/90/90_41144292_57.jpg,
58,58.jpg,https://cdn.listingphotos.sierrastatic.com/large/v1786137507/90/90_41144292_58.jpg,
59,59.jpg,https://cdn.listingphotos.sierrastatic.com/large/v1786137509/90/90_41144292_59.jpg,
60,60.jpg,https://cdn.listingphotos.sierrastatic.com/large/v1786137510/90/90_41144292_60.jpg,
61,61.jpg,https://cdn.listingphotos.sierrastatic.com/large/v1786137512/90/90_41144292_61.jpg,
62,62.jpg,https://cdn.listingphotos.sierrastatic.com/large/v1786137513/90/90_41144292_62.jpg,
63,63.jpg,https://cdn.listingphotos.sierrastatic.com/large/v1786137514/90/90_41144292_63.jpg,
64,64.jpg,https://cdn.listingphotos.sierrastatic.com/large/v1786137515/90/90_41144292_64.jpg,
65,65.jpg,https://cdn.listingphotos.sierrastatic.com/large/v1786137517/90/90_41144292_65.jpg,
66,66.jpg,https://cdn.listingphotos.sierrastatic.com/large/v1786137518/90/90_41144292_66.jpg,
67,67.jpg,https://cdn.listingphotos.sierrastatic.com/large/v1786137519/90/90_41144292_67.jpg,
68,68.jpg,https://cdn.listingphotos.sierrastatic.com/large/v1786137521/90/90_41144292_68.jpg,
69,69.jpg,https://cdn.listingphotos.sierrastatic.com/large/v1786137523/90/90_41144292_69.jpg,
70,70.jpg,https://cdn.listingphotos.sierrastatic.com/large/v1786137524/90/90_41144292_70.jpg,
71,71.jpg,https://cdn.listingphotos.sierrastatic.com/large/v1786137526/90/90_41144292_71.jpg,
72,72.jpg,https://cdn.listingphotos.sierrastatic.com/large/v1786137527/90/90_41144292_72.jpg,
73,73.jpg,https://cdn.listingphotos.sierrastatic.com/large/v1786137528/90/90_41144292_73.jpg,
74,74.jpg,https://cdn.listingphotos.sierrastatic.com/large/v1786137530/90/90_41144292_74.jpg,
75,75.jpg,https://cdn.listingphotos.sierrastatic.com/large/v1786137531/90/90_41144292_75.jpg,
76,76.jpg,https://cdn.listingphotos.sierrastatic.com/large/v1786137533/90/90_41144292_76.jpg,
77,77.jpg,https://cdn.listingphotos.sierrastatic.com/large/v1786137535/90/90_41144292_77.jpg,
78,78.jpg,https://cdn.listingphotos.sierrastatic.com/large/v1786137538/90/90_41144292_78.jpg,
79,79.jpg,https://cdn.listingphotos.sierrastatic.com/large/v1786137540/90/90_41144292_79.jpg,
80,80.jpg,https://cdn.listingphotos.sierrastatic.com/large/v1786137541/90/90_41144292_80.jpg,
81,81.jpg,https://cdn.listingphotos.sierrastatic.com/large/v1786137543/90/90_41144292_81.jpg,
82,82.jpg,https://cdn.listingphotos.sierrastatic.com/large/v1786137544/90/90_41144292_82.jpg,
83,83.jpg,https://cdn.listingphotos.sierrastatic.com/large/v1786137545/90/90_41144292_83.jpg,
84,84.jpg,https://cdn.listingphotos.sierrastatic.com/large/v1786137548/90/90_41144292_84.jpg,
85,85.jpg,https://cdn.listingphotos.sierrastatic.com/large/v1786137550/90/90_41144292_85.jpg,
86,86.jpg,https://cdn.listingphotos.sierrastatic.com/large/v1786137551/90/90_41144292_86.jpg,
